{
  "Total" : {
    "transaction" : "Total",
    "sampleCount" : 40032,
    "errorCount" : 39978,
    "errorPct" : 99.865105,
    "meanResTime" : 20.757568944844163,
    "medianResTime" : 2.0,
    "minResTime" : 0.0,
    "maxResTime" : 1223.0,
    "pct1ResTime" : 11.0,
    "pct2ResTime" : 166.85000000000218,
    "pct3ResTime" : 632.9900000000016,
    "throughput" : 74.5666484124412,
    "receivedKBytesPerSec" : 110.416647021255,
    "sentKBytesPerSec" : 11.476816755283481
  },
  "HTTP Request" : {
    "transaction" : "HTTP Request",
    "sampleCount" : 40032,
    "errorCount" : 39978,
    "errorPct" : 99.865105,
    "meanResTime" : 20.757568944844163,
    "medianResTime" : 2.0,
    "minResTime" : 0.0,
    "maxResTime" : 1223.0,
    "pct1ResTime" : 11.0,
    "pct2ResTime" : 166.85000000000218,
    "pct3ResTime" : 632.9900000000016,
    "throughput" : 74.5666484124412,
    "receivedKBytesPerSec" : 110.416647021255,
    "sentKBytesPerSec" : 11.476816755283481
  }
}