{
  "HTTP Request-3" : {
    "transaction" : "HTTP Request-3",
    "sampleCount" : 200,
    "errorCount" : 6,
    "errorPct" : 3.0,
    "meanResTime" : 1295.4799999999996,
    "medianResTime" : 316.5,
    "minResTime" : 19.0,
    "maxResTime" : 120166.0,
    "pct1ResTime" : 1137.3000000000002,
    "pct2ResTime" : 1795.9,
    "pct3ResTime" : 10173.7,
    "throughput" : 1.2329620062757765,
    "receivedKBytesPerSec" : 457.36682878511624,
    "sentKBytesPerSec" : 0.15147732929641022
  },
  "HTTP Request-16" : {
    "transaction" : "HTTP Request-16",
    "sampleCount" : 4,
    "errorCount" : 0,
    "errorPct" : 0.0,
    "meanResTime" : 228.25,
    "medianResTime" : 180.0,
    "minResTime" : 93.0,
    "maxResTime" : 460.0,
    "pct1ResTime" : 460.0,
    "pct2ResTime" : 460.0,
    "pct3ResTime" : 460.0,
    "throughput" : 0.07792258391288255,
    "receivedKBytesPerSec" : 2.507562447645764,
    "sentKBytesPerSec" : 0.008827167708881227
  },
  "HTTP Request-2" : {
    "transaction" : "HTTP Request-2",
    "sampleCount" : 640,
    "errorCount" : 57,
    "errorPct" : 8.90625,
    "meanResTime" : 510.17343750000015,
    "medianResTime" : 240.5,
    "minResTime" : 12.0,
    "maxResTime" : 10086.0,
    "pct1ResTime" : 979.2999999999998,
    "pct2ResTime" : 1310.0499999999988,
    "pct3ResTime" : 7882.020000000015,
    "throughput" : 5.680859940173443,
    "receivedKBytesPerSec" : 1230.9879987672978,
    "sentKBytesPerSec" : 0.6624578234983445
  },
  "HTTP Request-15" : {
    "transaction" : "HTTP Request-15",
    "sampleCount" : 4,
    "errorCount" : 0,
    "errorPct" : 0.0,
    "meanResTime" : 222.5,
    "medianResTime" : 167.0,
    "minResTime" : 79.0,
    "maxResTime" : 477.0,
    "pct1ResTime" : 477.0,
    "pct2ResTime" : 477.0,
    "pct3ResTime" : 477.0,
    "throughput" : 0.07800616248683645,
    "receivedKBytesPerSec" : 2.493073905963571,
    "sentKBytesPerSec" : 0.013102597605210813
  },
  "HTTP Request-5" : {
    "transaction" : "HTTP Request-5",
    "sampleCount" : 8,
    "errorCount" : 0,
    "errorPct" : 0.0,
    "meanResTime" : 604.875,
    "medianResTime" : 371.5,
    "minResTime" : 85.0,
    "maxResTime" : 1347.0,
    "pct1ResTime" : 1347.0,
    "pct2ResTime" : 1347.0,
    "pct3ResTime" : 1347.0,
    "throughput" : 0.11833269236458303,
    "receivedKBytesPerSec" : 25.514157859509513,
    "sentKBytesPerSec" : 0.016813873768600423
  },
  "HTTP Request-14" : {
    "transaction" : "HTTP Request-14",
    "sampleCount" : 4,
    "errorCount" : 0,
    "errorPct" : 0.0,
    "meanResTime" : 327.75,
    "medianResTime" : 166.5,
    "minResTime" : 85.0,
    "maxResTime" : 893.0,
    "pct1ResTime" : 893.0,
    "pct2ResTime" : 893.0,
    "pct3ResTime" : 893.0,
    "throughput" : 0.07804573480059315,
    "receivedKBytesPerSec" : 2.512268576104347,
    "sentKBytesPerSec" : 0.008841118395379693
  },
  "HTTP Request-4" : {
    "transaction" : "HTTP Request-4",
    "sampleCount" : 44,
    "errorCount" : 1,
    "errorPct" : 2.2727273,
    "meanResTime" : 484.59090909090907,
    "medianResTime" : 303.0,
    "minResTime" : 22.0,
    "maxResTime" : 1724.0,
    "pct1ResTime" : 1217.0,
    "pct2ResTime" : 1544.25,
    "pct3ResTime" : 1724.0,
    "throughput" : 0.47003023148988904,
    "receivedKBytesPerSec" : 167.9379334760338,
    "sentKBytesPerSec" : 0.05886853241072096
  },
  "HTTP Request-13" : {
    "transaction" : "HTTP Request-13",
    "sampleCount" : 4,
    "errorCount" : 0,
    "errorPct" : 0.0,
    "meanResTime" : 179.0,
    "medianResTime" : 149.0,
    "minResTime" : 79.0,
    "maxResTime" : 339.0,
    "pct1ResTime" : 339.0,
    "pct2ResTime" : 339.0,
    "pct3ResTime" : 339.0,
    "throughput" : 0.07809754383224647,
    "receivedKBytesPerSec" : 2.4971384571830213,
    "sentKBytesPerSec" : 0.01311794681557265
  },
  "HTTP Request-19" : {
    "transaction" : "HTTP Request-19",
    "sampleCount" : 4,
    "errorCount" : 0,
    "errorPct" : 0.0,
    "meanResTime" : 361.0,
    "medianResTime" : 138.0,
    "minResTime" : 84.0,
    "maxResTime" : 1084.0,
    "pct1ResTime" : 1084.0,
    "pct2ResTime" : 1084.0,
    "pct3ResTime" : 1084.0,
    "throughput" : 0.0778558498939214,
    "receivedKBytesPerSec" : 2.4889732090721526,
    "sentKBytesPerSec" : 0.01307734978686961
  },
  "HTTP Request-1" : {
    "transaction" : "HTTP Request-1",
    "sampleCount" : 772,
    "errorCount" : 94,
    "errorPct" : 12.176166,
    "meanResTime" : 1306.5880829015543,
    "medianResTime" : 215.0,
    "minResTime" : 5.0,
    "maxResTime" : 136957.0,
    "pct1ResTime" : 712.7,
    "pct2ResTime" : 1195.5499999999988,
    "pct3ResTime" : 10088.939999999999,
    "throughput" : 3.281099253252411,
    "receivedKBytesPerSec" : 11.764990900740372,
    "sentKBytesPerSec" : 0.36599666710230483
  },
  "HTTP Request-18" : {
    "transaction" : "HTTP Request-18",
    "sampleCount" : 4,
    "errorCount" : 0,
    "errorPct" : 0.0,
    "meanResTime" : 187.5,
    "medianResTime" : 142.0,
    "minResTime" : 96.0,
    "maxResTime" : 370.0,
    "pct1ResTime" : 370.0,
    "pct2ResTime" : 370.0,
    "pct3ResTime" : 370.0,
    "throughput" : 0.07782858254694036,
    "receivedKBytesPerSec" : 2.505069498492071,
    "sentKBytesPerSec" : 0.008816519116645587
  },
  "HTTP Request-0" : {
    "transaction" : "HTTP Request-0",
    "sampleCount" : 772,
    "errorCount" : 0,
    "errorPct" : 0.0,
    "meanResTime" : 3.9170984455958577,
    "medianResTime" : 4.0,
    "minResTime" : 2.0,
    "maxResTime" : 28.0,
    "pct1ResTime" : 5.0,
    "pct2ResTime" : 6.0,
    "pct3ResTime" : 13.079999999999927,
    "throughput" : 7.610710201506369,
    "receivedKBytesPerSec" : 2.4200142207894633,
    "sentKBytesPerSec" : 0.9290417726448204
  },
  "HTTP Request-17" : {
    "transaction" : "HTTP Request-17",
    "sampleCount" : 4,
    "errorCount" : 0,
    "errorPct" : 0.0,
    "meanResTime" : 204.75,
    "medianResTime" : 159.5,
    "minResTime" : 74.0,
    "maxResTime" : 426.0,
    "pct1ResTime" : 426.0,
    "pct2ResTime" : 426.0,
    "pct3ResTime" : 426.0,
    "throughput" : 0.07786191189924668,
    "receivedKBytesPerSec" : 2.488596727609834,
    "sentKBytesPerSec" : 0.013078368014326592
  },
  "HTTP Request-12" : {
    "transaction" : "HTTP Request-12",
    "sampleCount" : 4,
    "errorCount" : 0,
    "errorPct" : 0.0,
    "meanResTime" : 197.25,
    "medianResTime" : 142.5,
    "minResTime" : 89.0,
    "maxResTime" : 415.0,
    "pct1ResTime" : 415.0,
    "pct2ResTime" : 415.0,
    "pct3ResTime" : 415.0,
    "throughput" : 0.07810364353497092,
    "receivedKBytesPerSec" : 2.5135224560178857,
    "sentKBytesPerSec" : 0.008847678369195923
  },
  "HTTP Request-11" : {
    "transaction" : "HTTP Request-11",
    "sampleCount" : 4,
    "errorCount" : 0,
    "errorPct" : 0.0,
    "meanResTime" : 187.75,
    "medianResTime" : 166.5,
    "minResTime" : 80.0,
    "maxResTime" : 338.0,
    "pct1ResTime" : 338.0,
    "pct2ResTime" : 338.0,
    "pct3ResTime" : 338.0,
    "throughput" : 0.07813415634644685,
    "receivedKBytesPerSec" : 2.4970119789428447,
    "sentKBytesPerSec" : 0.013124096573817244
  },
  "HTTP Request-10" : {
    "transaction" : "HTTP Request-10",
    "sampleCount" : 4,
    "errorCount" : 0,
    "errorPct" : 0.0,
    "meanResTime" : 204.5,
    "medianResTime" : 137.0,
    "minResTime" : 93.0,
    "maxResTime" : 451.0,
    "pct1ResTime" : 451.0,
    "pct2ResTime" : 451.0,
    "pct3ResTime" : 451.0,
    "throughput" : 0.0781921964187974,
    "receivedKBytesPerSec" : 2.5168304121217453,
    "sentKBytesPerSec" : 0.008857709750566893
  },
  "HTTP Request-21" : {
    "transaction" : "HTTP Request-21",
    "sampleCount" : 4,
    "errorCount" : 4,
    "errorPct" : 100.0,
    "meanResTime" : 345.0,
    "medianResTime" : 138.0,
    "minResTime" : 91.0,
    "maxResTime" : 1013.0,
    "pct1ResTime" : 1013.0,
    "pct2ResTime" : 1013.0,
    "pct3ResTime" : 1013.0,
    "throughput" : 0.07784978883244778,
    "receivedKBytesPerSec" : 2.5688339622136587,
    "sentKBytesPerSec" : 0.008818921391175726
  },