{
  "Total" : {
    "transaction" : "Total",
    "sampleCount" : 10000,
    "errorCount" : 254,
    "errorPct" : 2.54,
    "meanResTime" : 1637.0574999999976,
    "medianResTime" : 1574.0,
    "minResTime" : 480.0,
    "maxResTime" : 4787.0,
    "pct1ResTime" : 2244.0,
    "pct2ResTime" : 2606.0,
    "pct3ResTime" : 3695.0,
    "throughput" : 838.9965601141035,
    "receivedKBytesPerSec" : 481.6066390846547,
    "sentKBytesPerSec" : 258.06092163772126
  },
  "HTTP Request" : {
    "transaction" : "HTTP Request",
    "sampleCount" : 10000,
    "errorCount" : 254,
    "errorPct" : 2.54,
    "meanResTime" : 1637.0574999999976,
    "medianResTime" : 1574.0,
    "minResTime" : 480.0,
    "maxResTime" : 4787.0,
    "pct1ResTime" : 2244.0,
    "pct2ResTime" : 2606.0,
    "pct3ResTime" : 3695.0,
    "throughput" : 838.9965601141035,
    "receivedKBytesPerSec" : 481.6066390846547,
    "sentKBytesPerSec" : 258.06092163772126
  }
}